landuse,cu_min,cu_mean,cu_max,zn_min,zn_mean,zn_max
Orchards,4,32.2709632709633,501,0.5,18.8069993069993,195
Vineyards,50,264.245614035088,760,8,29.8245614035088,128
